Name of File;Source;Year of Production;Name;Resposible
0060_Bazhanov;OralHistory;1968;Бажанов;Наумов Александр;
032_Ardov;OralHistory;1967;Ардов;Наумов Александр;
0386_Ardov;OralHistory;1974;Ардов;Наумов Александр;
0489_Timofeev_Resovsky;OralHistory;1975;TimofeevResovsky.;Наумов Александр;
0489_Timofeev_Resovsky;OralHistory;;;Наумов Александр;
0783_Yushkevich;OralHistory;1980;Юшкевич;Наумов Александр;
0834_Yushkevich;OralHistory;1982;Юшкевич;Наумов Александр;
1409_Golts;OralHistory;;;Наумов Александр;
1409_Golts;OralHistory;;;Наумов Александр;
1410_Sokolov;OralHistory;;;Наумов Александр;
1410_Sokolov;OralHistory;;;Наумов Александр;
1411_Severtseva;OralHistory;;;Наумов Александр;
1412_Oyzerman;OralHistory;;;Наумов Александр;
1412_Oyzerman;OralHistory;;;Наумов Александр;
1415_Severtseva;OralHistory;;;Наумов Александр;
1415_Severtseva;OralHistory;;;Наумов Александр;
1416_Sarabjanov;OralHistory;;;Наумов Александр;
1416_Sarabjanov;OralHistory;;;Наумов Александр;
1421_Sarabjanov;OralHistory;;;Наумов Александр;
1421_Sarabjanov;OralHistory;;;Наумов Александр;
1421_Sarabjanov;OralHistory;2012;Сарабьянов;Наумов Александр;
1422_Kapto;OralHistory;;;Наумов Александр;
1422_Kapto;OralHistory;;;Наумов Александр;
1428_Lukyanov;OralHistory;;;Наумов Александр;
1428_Lukyanov;OralHistory;;;Наумов Александр;
1430_Pentin;OralHistory;;;Наумов Александр;
1430_Pentin;OralHistory;2012;Pentin;Наумов Александр;
1431_Zolotov;OralHistory;;;Наумов Александр;
1431_Zolotov;OralHistory;;;Наумов Александр;
1432_Damaskin;OralHistory;;;Наумов Александр;
1432_Damaskin;OralHistory;;;Наумов Александр;
1433_Zolotov;OralHistory;;;Наумов Александр;
1435_Zezin;OralHistory;;;Наумов Александр;
1436_Minushev;OralHistory;;;Наумов Александр;
1437_Rozin;OralHistory;;;Наумов Александр;
1437_Rozin;OralHistory;;;Наумов Александр;
1438_Arshinov;OralHistory;;;Наумов Александр;
1438_Arshinov;OralHistory;;;Наумов Александр;
1439_Zezin;OralHistory;;;Наумов Александр;
1439_Zezin;OralHistory;;;Наумов Александр;
143_Lusternik;OralHistory;1970;Люстерник;Наумов Александр;
1440_Mezhuev;OralHistory;;;Наумов Александр;
1441_Rozin;OralHistory;;;Наумов Александр;
1442_Arshinov;OralHistory;2001;Arshinov;Наумов Александр;
1443_Mezhuev;OralHistory;1962;Mezhuev;Наумов Александр;
1443_Mezhuev;OralHistory;1933;Mezhuev;Наумов Александр;
1444_Zezin;OralHistory;;;Наумов Александр;
1444_Zezin;OralHistory;;;Наумов Александр;
1445_Kapto;OralHistory;;;Наумов Александр;
1445_Kapto;OralHistory;;;Наумов Александр;
1447_Smolyaninov;OralHistory;;;Наумов Александр;
1447_Smolyaninov;OralHistory;1942;Smolyaninov;Наумов Александр;
1447_Smolyaninov;OralHistory;;;Наумов Александр;
1449_Lunin;OralHistory;;;Наумов Александр;
1449_Lunin;OralHistory;2012;Lunin;Наумов Александр;
1450_Lunin;OralHistory;;;Наумов Александр;
1450_Lunin;OralHistory;1968;Lunin;Наумов Александр;
1451_Dzerjinskiy;OralHistory;;;Наумов Александр;
1452_Sergeev;OralHistory;1932;Sergeev;Наумов Александр;
1452_Sergeev;OralHistory;;;Наумов Александр;
1453_Kuzjakov;OralHistory;;;Наумов Александр;
1454_Chernavskiy;OralHistory;1991;Chernavsky;Наумов Александр;
1457_Smolyaninov;OralHistory;1905;Smolyaninoved;Наумов Александр;
1457_Smolyaninov;OralHistory;1905;Smolyaninoved;Наумов Александр;
1459_Malinetskiy;OralHistory;1812;Malinecky;Наумов Александр;
1460_Lubny-Gercik;OralHistory;;;Наумов Александр;
1460_Lubny-Gercik;OralHistory;;;Наумов Александр;
1461_Chernavskiy;OralHistory;;;Наумов Александр;
1464_Glad;OralHistory;;;Наумов Александр;
1464_Glad;OralHistory;;;Наумов Александр;
1465_Barantsev;OralHistory;1931;Barantseved;Наумов Александр;
1465_Barantsev;OralHistory;2012;Barantsev;Наумов Александр;
1467_Bogdanov;OralHistory;;;Наумов Александр;
1467_Bogdanov;OralHistory;1953;Bogdanov;Наумов Александр;
1469_Sokolov;OralHistory;;;Наумов Александр;
1469_Sokolov;OralHistory;;;Наумов Александр;
1470_Damaskin;OralHistory;1933;Damaskin;Наумов Александр;
1471_Savrin;OralHistory;1994;Savrin;Наумов Александр;
1475_Vlodavets;OralHistory;1863;Vlodavets;Наумов Александр;
1476_Vlodavets;OralHistory;1923;Vlodavec;Наумов Александр;
1476_Vlodavets;OralHistory;1924;Vlodavets;Наумов Александр;
1479_Sarabjanov;OralHistory;;;Наумов Александр;
1479_Sarabjanov;OralHistory;;;Наумов Александр;
1481_Vlodavets;OralHistory;;;Наумов Александр;
1481_Vlodavets;OralHistory;;;Наумов Александр;
1481_Vlodavets;OralHistory;1942;Vlodavets;Наумов Александр;
1487_Mina_Klevezal;OralHistory;;;Наумов Александр;
1487_Mina_Klevezal;OralHistory;1908;MinaKlevezal;Наумов Александр;
1488_Burlatskiy;OralHistory;1936;Burlatsky;Наумов Александр;
1488_Burlatskiy;OralHistory;;;Наумов Александр;
1489_Naumenko;OralHistory;;;Наумов Александр;
1489_Naumenko;OralHistory;1974;Naumenko;Наумов Александр;
1490_Raevskiy;OralHistory;1812;Raevskyed;Наумов Александр;
1490_Raevskiy;OralHistory;1912;Raevsky;Наумов Александр;
1494_Burlatskiy;OralHistory;;;Наумов Александр;
1494_Burlatskiy;OralHistory;;;Наумов Александр;
1495_Lubni_Gercik;OralHistory;;;Наумов Александр;
1495_Lubni_Gercik;OralHistory;;;Наумов Александр;
1496_Vlodavets;OralHistory;;;Наумов Александр;
1496_Vlodavets;OralHistory;;;Наумов Александр;
1498_Agadjanyan;OralHistory;1947;Agadzhanyan;Наумов Александр;
1498_Agadjanyan;OralHistory;;;Наумов Александр;
1500_Sergeev;OralHistory;;;Наумов Александр;
1500_Sergeev;OralHistory;;;Наумов Александр;
1501_Blagodatov;OralHistory;;;Наумов Александр;
1501_Blagodatov;OralHistory;;;Наумов Александр;
1501_Blagodatov;OralHistory;;;Наумов Александр;
1502_Zaslavskiy;OralHistory;;;Наумов Александр;
1503_Toshenko;OralHistory;;;Наумов Александр;
1503_Toshenko;OralHistory;;;Наумов Александр;
1504_Derviz;OralHistory;;;Наумов Александр;
1504_Derviz;OralHistory;;;Наумов Александр;
1506_Agadjanyan;OralHistory;1956;Agadzhanyan;Наумов Александр;
1506_Agadjanyan;OralHistory;;;Наумов Александр;
1508_Polyakov;OralHistory;;;Наумов Александр;
1508_Polyakov;OralHistory;;;Наумов Александр;
1513_Rubakov;OralHistory;;;Наумов Александр;
1514_Viharev;OralHistory;;;Наумов Александр;
1516_Nikonov;OralHistory;;;Наумов Александр;
1516_Nikonov;OralHistory;;;Наумов Александр;
1517_Nikonov;OralHistory;;;Наумов Александр;
1517_Nikonov;OralHistory;1939;Nikonov;Наумов Александр;
1518_Volosenkov;OralHistory;2013;Volosenkov;Наумов Александр;
1523_Lunin;OralHistory;;;Наумов Александр;
1523_Lunin;OralHistory;;;Наумов Александр;
1525_Kuzyakov;OralHistory;;;Наумов Александр;
1525_Kuzyakov;OralHistory;1953;Kuzyakov;Наумов Александр;
1532_Boult;OralHistory;1968;BoultMisleit;Наумов Александр;
1532_Boult;OralHistory;;;Наумов Александр;
1533_Shlezinger;OralHistory;1929;Shlezinger;Наумов Александр;
1534_Shlezinger;OralHistory;2012;Shlezingered;Наумов Александр;
1534_Shlezinger;OralHistory;1948;Shlezinger;Наумов Александр;
1536_Lyapunova;OralHistory;;;Наумов Александр;
1536_Lyapunova;OralHistory;;;Наумов Александр;
1538_Shelkovskiy;OralHistory;;;Наумов Александр;
1538_Shelkovskiy;OralHistory;;;Наумов Александр;
1540_Bush;OralHistory;;;Наумов Александр;
1540_Bush;OralHistory;;;Наумов Александр;
1541_Shelkovskiy;OralHistory;1956;Shelkovsky;Наумов Александр;
1541_Shelkovskiy;OralHistory;1905;Shelkovsky;Наумов Александр;
1546_Romanovskiy;OralHistory;1953;Romanovsky;Наумов Александр;
1546_Romanovskiy;OralHistory;1908;Romanovsky;Наумов Александр;
1548_Romanovskiy;OralHistory;2012;Romanovskyfin;Наумов Александр;
1549_Anderson;OralHistory;;;Наумов Александр;
1550_Shelkovskiy;OralHistory;;;Наумов Александр;
1550_Shelkovskiy;OralHistory;2013;Shelkovsky;Наумов Александр;
1551_Bush;OralHistory;;;Наумов Александр;
1551_Bush;OralHistory;;;Наумов Александр;
1554_Rodoman;OralHistory;1930;Rodomanend;Наумов Александр;
1556_Rimashevskaya;OralHistory;;;Наумов Александр;
1557_Pantin;OralHistory;1947;Pantin;Наумов Александр;
1558_Dmitriev;OralHistory;2013;Dmitriev;Наумов Александр;
1559_Lektorskiy;OralHistory;1955;Lektorsky;Наумов Александр;
1561_Rodoman;OralHistory;2013;Rodoman;Наумов Александр;
1561_Rodoman;OralHistory;1934;Rodoman;Наумов Александр;
1565_Belousov;OralHistory;;;Наумов Александр;
1565_Belousov;OralHistory;;;Наумов Александр;
1567_Ratner;OralHistory;;;Наумов Александр;
1567_Ratner;OralHistory;1990;Ratner;Наумов Александр;
1571_Shelkovskiy;OralHistory;;;Наумов Александр;
1575_Lektorskiy;OralHistory;;;Наумов Александр;
1576_Shihobalov;OralHistory;1986;Shihobalov;Наумов Александр;
1577_Rodoman;OralHistory;1943;Rodomanchek;Наумов Александр;
1577_Rodoman;OralHistory;2013;Rodoman;Наумов Александр;
1578_Rodoman;OralHistory;1950;Rodomanchek;Наумов Александр;
1578_Rodoman;OralHistory;1948;Rodoman;Наумов Александр;
1579_Belousov;OralHistory;;;Наумов Александр;
1579_Belousov;OralHistory;1954;Belousov;Наумов Александр;
1583_Sitko;OralHistory;;;Наумов Александр;
1583_Sitko;OralHistory;1989;Sitkofin;Наумов Александр;
1586_Kozlovskiy;OralHistory;;;Наумов Александр;
1588_Kozirev;OralHistory;;;Наумов Александр;
1589_Subbotin;OralHistory;1938;Subbotin;Наумов Александр;
1589_Subbotin;OralHistory;;;Наумов Александр;
1591_Guseynov;OralHistory;;;Наумов Александр;
1593_Baturin;OralHistory;2013;Baturin;Наумов Александр;
1593_Baturin;OralHistory;;;Наумов Александр;
1594_Golitsyn;OralHistory;2013;Golitsyn;Наумов Александр;
1594_Golitsyn;OralHistory;;;Наумов Александр;
1596_bogdanov;OralHistory;1941;Bogdanov;Наумов Александр;
1598_Baturin;OralHistory;;;Наумов Александр;
1598_Baturin;OralHistory;1967;Baturinfin;Наумов Александр;
1599_Florensky;OralHistory;1936;Florensky;Наумов Александр;
1599_Florensky;OralHistory;;;Наумов Александр;
1601_Tabulinskiy;OralHistory;2013;Tabulinsky;Наумов Александр;
1601_Tabulinskiy;OralHistory;1975;Tabulinsky;Наумов Александр;
1604_Avtonomova;OralHistory;;;Наумов Александр;
1606_Dubrovskiy;OralHistory;2013;Dubrovsky;Наумов Александр;
1609_Guseynov;OralHistory;1971;Guseinov;Наумов Александр;
1610_Dubrovskiy;OralHistory;1970;Dubrovskiyfin;Наумов Александр;
1611_Semenov;OralHistory;;;Наумов Александр;
1612_Gref;OralHistory;;;Наумов Александр;
1612_Gref;OralHistory;2013;Gref;Наумов Александр;
1613_Kapustin;OralHistory;1985;Kapustin;Наумов Александр;
1618_Zelinskaya;OralHistory;1957;Zelinskayaed;Наумов Александр;
1618_Zelinskaya;OralHistory;;;Наумов Александр;
1621_Stepanjants;OralHistory;2012;Stepanjants;Наумов Александр;
1621_Stepanjants;OralHistory;2012;Stepanjants;Наумов Александр;
1624_Voizehovskiy;OralHistory;;;Наумов Александр;
1624_Voizehovskiy;OralHistory;2013;Voizehovskyfin;Наумов Александр;
1625_Kochergina;OralHistory;2013;Kocherginaed;Наумов Александр;
1625_Kochergina;OralHistory;2013;Kochergina;Наумов Александр;
1629_Motroshilova;OralHistory;1964;Motroshilova;Наумов Александр;
1632_Rodoman;OralHistory;2013;Rodomanchek;Наумов Александр;
1632_Rodoman;OralHistory;;;Наумов Александр;
1633_Rodoman;OralHistory;2013;Rodomaned;Наумов Александр;
1633_Rodoman;OralHistory;2013;Rodomaned;Наумов Александр;
1640_Hmelevskoj;OralHistory;2013;Hmelevskojed;Наумов Александр;
1640_Hmelevskoj;OralHistory;2013;Hmelevskoj;Наумов Александр;
1646_Koronovskiy;OralHistory;1992;Koronovskyed;Наумов Александр;
1646_Koronovskiy;OralHistory;;;Наумов Александр;
1650_Zhuhovitskiy;OralHistory;;;Наумов Александр;
1650_Zhuhovitskiy;OralHistory;1924;Zhuhovitsky;Наумов Александр;
1651_Zhuhoviyskiy;OralHistory;;;Наумов Александр;
1659_Danilov-Danilyan;OralHistory;;;Наумов Александр;
1659_Danilov-Danilyan;OralHistory;2003;DanilovDanilian;Наумов Александр;
1660_Guseinov;OralHistory;2013;Guseinov;Наумов Александр;
1664_Selvinskaya;OralHistory;;;Наумов Александр;
1664_Selvinskaya;OralHistory;;;Наумов Александр;
1667_Selvinskaya;OralHistory;;;Наумов Александр;
1667_Selvinskaya;OralHistory;;;Наумов Александр;
1670_Golitcina;OralHistory;;;Наумов Александр;
1670_Golitcina;OralHistory;;;Наумов Александр;
1675_Poze;OralHistory;;;Наумов Александр;
1675_Poze;OralHistory;;;Наумов Александр;
1677_Messerer;OralHistory;;;Наумов Александр;
1677_Messerer;OralHistory;1957;Messerer;Наумов Александр;
1681_Levitskaya;OralHistory;2014;Levitskayaed;Наумов Александр;
1681_Levitskaya;OralHistory;;;Наумов Александр;
1684_Levitskaya;OralHistory;;;Наумов Александр;
1684_Levitskaya;OralHistory;2014;Levitskaya;Наумов Александр;
1687_Levitskaya;OralHistory;;;Наумов Александр;
1687_Levitskaya;OralHistory;;;Наумов Александр;
1692_Chukovskaya;OralHistory;;;Наумов Александр;
1692_Chukovskaya;OralHistory;1940;Chukovskaya;Наумов Александр;
1702_Bragina;OralHistory;1959;Bragina;Наумов Александр;
1702_Bragina;OralHistory;2014;Bragina;Наумов Александр;
1705_Bragina;OralHistory;2014;braginaed;Наумов Александр;
1705_Bragina;OralHistory;2014;bragina;Наумов Александр;
1709_Danilov-Danilyan;OralHistory;1992;Danilov-Daned;Наумов Александр;
1709_Danilov-Danilyan;OralHistory;1965;Danilov-Dan;Наумов Александр;
1717_Nasedkin;OralHistory;2014;Nasedkined;Наумов Александр;
1717_Nasedkin;OralHistory;1924;Nasedkin;Наумов Александр;
1718_Nasedkin;OralHistory;1905;Nasedkinchekauth;Наумов Александр;
1723_Baturin;OralHistory;2014;Baturined;Наумов Александр;
1723_Baturin;OralHistory;;;Наумов Александр;
1739_Sosna;OralHistory;1959;Sosnaed;Наумов Александр;
1739_Sosna;OralHistory;1948;Sosna;Наумов Александр;
1744_Krasulin;OralHistory;;;Наумов Александр;
1744_Krasulin;OralHistory;;;Наумов Александр;
1745_Krasulin;OralHistory;;;Наумов Александр;
1745_Krasulin;OralHistory;1928;Krasulin;Наумов Александр;
1746_Alshibay;OralHistory;;;Наумов Александр;
1746_Alshibay;OralHistory;2014;Alshibaj;Наумов Александр;
1747_Karmalita;OralHistory;2014;Karmalitachek;Наумов Александр;
1747_Karmalita;OralHistory;;;Наумов Александр;
1751_Krasulin;OralHistory;;;Наумов Александр;
1751_Krasulin;OralHistory;;;Наумов Александр;
1752_Alshibay;OralHistory;;;Наумов Александр;
1752_Alshibay;OralHistory;1987;Alshibaj;Наумов Александр;
1776_Infante;OralHistory;;;Наумов Александр;
1776_Infante;OralHistory;2014;Infante;Наумов Александр;
1777_Munc;OralHistory;;;Наумов Александр;
1777_Munc;OralHistory;;;Наумов Александр;
1779_Yasin;OralHistory;;;Наумов Александр;
1779_Yasin;OralHistory;;;Наумов Александр;
1786_Yasin;OralHistory;;;Наумов Александр;
1786_Yasin;OralHistory;;;Наумов Александр;
1842_Vinogradov;OralHistory;;;Наумов Александр;
1842_Vinogradov;OralHistory;;;Наумов Александр;
1852_Grigoryants;OralHistory;1968;Grigoriantsed;Наумов Александр;
1852_Grigoryants;OralHistory;;;Наумов Александр;
1853_Grigoryants;OralHistory;;;Наумов Александр;
1853_Grigoryants;OralHistory;;;Наумов Александр;
1874_Vinogradov;OralHistory;;;Наумов Александр;
1874_Vinogradov;OralHistory;;;Наумов Александр;
1878_Kleyman;OralHistory;;;Наумов Александр;
1884_Brodskiy;OralHistory;;;Наумов Александр;
1884_Brodskiy;OralHistory;2015;Brodskiy;Наумов Александр;
1897_Kvint;OralHistory;2009;Kvinted;Наумов Александр;
1897_Kvint;OralHistory;;;Наумов Александр;
1899_Zhilinskiy;OralHistory;1928;Zhilinskiyed;Наумов Александр;
1905_Lagarkov;OralHistory;1905;Lagarkovchek;Наумов Александр;
1905_Lagarkov;OralHistory;1905;Lagarkov;Наумов Александр;
1940_Dyhno;OralHistory;1936;Dyhnoed;Наумов Александр;
1940_Dyhno;OralHistory;1936;Dyhno;Наумов Александр;
1970_Grigoryants;OralHistory;;;Наумов Александр;
351-352_Timofeev-Resovskij;OralHistory;1974;Тимофеев-Р.;Наумов Александр;
362-363_Timofeev-Resovskij;OralHistory;1974;Тимофеев-Р.;Наумов Александр;
424-425_Timofeev-Resovskij;OralHistory;1974;Тимофеев-Р.;Наумов Александр;
441_442_Timofeev_Resovskiy;OralHistory;1974;TimofeevResovsky;Наумов Александр;
441_442_Timofeev_Resovskiy;OralHistory;1975;Тимофеев-Р.;Наумов Александр;
445_Men'shov;OralHistory;1975;Меньшов;Наумов Александр;
503_Bazganov;OralHistory;1975;Бажанов;Наумов Александр;
561_Gnedenko;OralHistory;1976;Гнеденко;Наумов Александр;
577_Gnedenko;OralHistory;1976;Гнеденко;Наумов Александр;